{"_41.62222#41.68333#-87.58889#-87.51111#VAR_41.98889#42.05#-87.66667#-87.58889#BURGLARY-THEFT-MOTOR_VEHICLE_THEFT_DEL_40.mod": {"aut": [[0, [1, 0]], [1, [2, 3]], [2, [4, 5]], [3, [3, 0]], [4, [6, 7]], [5, [8, 3]], [6, [9, 6]], [7, [2, 10]], [8, [11, 12]], [9, [13, 11]], [10, [11, 14]], [11, [0, 2]], [12, [11, 11]], [13, [0, 11]], [14, [11, 7]]], "delay": 40, "gamma": 0.023442875996834256, "pit": [[0, [0.18941979110240936, 0.8105801939964294]], [1, [0.1984127163887024, 0.8015873432159424]], [2, [0.2708333432674408, 0.7291666865348816]], [3, [0.161849707365036, 0.8381502628326416]], [4, [0.3076923191547394, 0.692307710647583]], [5, [0.08571428805589676, 0.9142857193946838]], [6, [0.14814814925193787, 0.8518518805503845]], [7, [0.4000000059604645, 0.6000000238418579]], [8, [0.25, 0.75]], [9, [0.1428571492433548, 0.8571429252624512]], [10, [0.1666666716337204, 0.8333333730697632]], [11, [0.0, 1.0]], [12, [0.0, 1.0]], [13, [1.0, 0.0]], [14, [0.0, 1.0]]], "src": "41.62222#41.68333#-87.58889#-87.51111#VAR", "tgt": "41.98889#42.05#-87.66667#-87.58889#BURGLARY-THEFT-MOTOR_VEHICLE_THEFT", "src_var": "VAR", "tgt_var": "BURGLARY-THEFT-MOTOR_VEHICLE_THEFT", "distance": 25.64893500984996}, "_41.80556#41.86667#-87.82222#-87.74444#VAR_41.98889#42.05#-87.66667#-87.58889#BURGLARY-THEFT-MOTOR_VEHICLE_THEFT_DEL_12.mod": {"aut": [[0, [1, 2]], [1, [3, 4]], [2, [5, 0]], [3, [6, 7]], [4, [8, 4]], [5, [7, 9]], [6, [10, 4]], [7, [9, 4]], [8, [11, 4]], [9, [12, 2]], [10, [13, 14]], [11, [13, 0]], [12, [2, 15]], [13, [0, 2]], [14, [16, 17]], [15, [0, 18]], [16, [11, 0]], [17, [19, 20]], [18, [5, 0]], [19, [0, 11]], [20, [11, 11]]], "delay": 12, "gamma": 0.022254881970660056, "pit": [[0, [0.17298348248004913, 0.8270165324211121]], [1, [0.1335207223892212, 0.8664792776107788]], [2, [0.22826451063156128, 0.7717354893684387]], [3, [0.09756097197532654, 0.9024389982223511]], [4, [0.190265491604805, 0.8097345232963562]], [5, [0.20481926202774048, 0.7951806783676147]], [6, [0.08560311049222946, 0.9143968820571899]], [7, [0.24777007102966309, 0.7522299289703369]], [8, [0.140067920088768, 0.8599321246147156]], [9, [0.11544343084096909, 0.8845565915107727]], [10, [0.24137930572032928, 0.7586206793785095]], [11, [0.2620638608932495, 0.7379361987113953]], [12, [0.33797910809516907, 0.6620209217071533]], [13, [0.15315315127372742, 0.846846878528595]], [14, [0.0, 1.0]], [15, [0.37388724088668823, 0.6261127591133118]], [16, [0.0, 1.0]], [17, [0.5, 0.5]], [18, [0.18534483015537262, 0.8146551847457886]], [19, [0.0, 1.0]], [20, [0.0, 1.0]]], "src": "41.80556#41.86667#-87.82222#-87.74444#VAR", "tgt": "41.98889#42.05#-87.66667#-87.58889#BURGLARY-THEFT-MOTOR_VEHICLE_THEFT", "src_var": "VAR", "tgt_var": "BURGLARY-THEFT-MOTOR_VEHICLE_THEFT", "distance": 14.979518619359578}, "_41.62222#41.68333#-87.74444#-87.66667#VAR_41.98889#42.05#-87.66667#-87.58889#BURGLARY-THEFT-MOTOR_VEHICLE_THEFT_DEL_53.mod": {"aut": [[0, [1, 2]], [1, [3, 1]], [2, [0, 4]], [3, [1, 0]], [4, [5, 4]], [5, [6, 5]], [6, [7, 0]], [7, [8, 0]], [8, [0, 2]]], "delay": 53, "gamma": 0.01843408352310394, "pit": [[0, [0.19526627659797668, 0.8047337532043457]], [1, [0.15676960349082947, 0.8432304263114929]], [2, [0.25, 0.75]], [3, [0.1806722730398178, 0.8193277716636658]], [4, [0.3888888955116272, 0.6111111044883728]], [5, [0.11864406615495682, 0.8813559412956238]], [6, [0.1111111119389534, 0.8888888955116272]], [7, [0.20000001788139343, 0.8000000715255737]], [8, [0.5714285969734192, 0.4285714626312256]]], "src": "41.62222#41.68333#-87.74444#-87.66667#VAR", "tgt": "41.98889#42.05#-87.66667#-87.58889#BURGLARY-THEFT-MOTOR_VEHICLE_THEFT", "src_var": "VAR", "tgt_var": "BURGLARY-THEFT-MOTOR_VEHICLE_THEFT", "distance": 25.6488948306922}, "_41.98889#42.05#-87.82222#-87.74444#VAR_41.98889#42.05#-87.66667#-87.58889#BURGLARY-THEFT-MOTOR_VEHICLE_THEFT_DEL_46.mod": {"aut": [[0, [-1, 0]]], "delay": 46, "gamma": 0.018338210024633206, "pit": [[0, [0.17693835496902466, 0.8230615854263306]]], "src": "41.98889#42.05#-87.82222#-87.74444#VAR", "tgt": "41.98889#42.05#-87.66667#-87.58889#BURGLARY-THEFT-MOTOR_VEHICLE_THEFT", "src_var": "VAR", "tgt_var": "BURGLARY-THEFT-MOTOR_VEHICLE_THEFT", "distance": 7.984493003359767}, "_41.92778#41.98889#-87.9#-87.82222#VAR_41.98889#42.05#-87.66667#-87.58889#BURGLARY-THEFT-MOTOR_VEHICLE_THEFT_DEL_56.mod": {"aut": [[0, [-1, 0]]], "delay": 56, "gamma": 0.01745429623132755, "pit": [[0, [0.17705240845680237, 0.8229475617408752]]], "src": "41.92778#41.98889#-87.9#-87.82222#VAR", "tgt": "41.98889#42.05#-87.66667#-87.58889#BURGLARY-THEFT-MOTOR_VEHICLE_THEFT", "src_var": "VAR", "tgt_var": "BURGLARY-THEFT-MOTOR_VEHICLE_THEFT", "distance": 12.704880755430082}, "_41.92778#41.98889#-87.9#-87.82222#VAR_41.98889#42.05#-87.66667#-87.58889#BURGLARY-THEFT-MOTOR_VEHICLE_THEFT_DEL_20.mod": {"aut": [[0, [-1, 1]], [1, [0, 2]], [2, [-1, 0]]], "delay": 20, "gamma": 0.017059220321391844, "pit": [[0, [0.16806723177433014, 0.831932783126831]], [1, [0.1910112351179123, 0.8089887499809265]], [2, [0.18960244953632355, 0.8103975653648376]]], "src": "41.92778#41.98889#-87.9#-87.82222#VAR", "tgt": "41.98889#42.05#-87.66667#-87.58889#BURGLARY-THEFT-MOTOR_VEHICLE_THEFT", "src_var": "VAR", "tgt_var": "BURGLARY-THEFT-MOTOR_VEHICLE_THEFT", "distance": 12.704880755430082}, "_41.98889#42.05#-87.82222#-87.74444#VAR_41.98889#42.05#-87.66667#-87.58889#BURGLARY-THEFT-MOTOR_VEHICLE_THEFT_DEL_22.mod": {"aut": [[0, [-1, 1]], [1, [0, 2]], [2, [0, 3]], [3, [-1, 4]], [4, [-1, 0]]], "delay": 22, "gamma": 0.01681975684430026, "pit": [[0, [0.18666666746139526, 0.8133333325386047]], [1, [0.1607142984867096, 0.8392857313156128]], [2, [0.18536585569381714, 0.8146341443061829]], [3, [0.21875, 0.78125]], [4, [0.1614583432674408, 0.8385416865348816]]], "src": "41.98889#42.05#-87.82222#-87.74444#VAR", "tgt": "41.98889#42.05#-87.66667#-87.58889#BURGLARY-THEFT-MOTOR_VEHICLE_THEFT", "src_var": "VAR", "tgt_var": "BURGLARY-THEFT-MOTOR_VEHICLE_THEFT", "distance": 7.984493003359767}, "_41.98889#42.05#-87.82222#-87.74444#VAR_41.98889#42.05#-87.66667#-87.58889#BURGLARY-THEFT-MOTOR_VEHICLE_THEFT_DEL_44.mod": {"aut": [[0, [-1, 0]]], "delay": 44, "gamma": 0.016732165517593045, "pit": [[0, [0.17892643809318542, 0.8210735321044922]]], "src": "41.98889#42.05#-87.82222#-87.74444#VAR", "tgt": "41.98889#42.05#-87.66667#-87.58889#BURGLARY-THEFT-MOTOR_VEHICLE_THEFT", "src_var": "VAR", "tgt_var": "BURGLARY-THEFT-MOTOR_VEHICLE_THEFT", "distance": 7.984493003359767}, "_41.98889#42.05#-87.82222#-87.74444#VAR_41.98889#42.05#-87.66667#-87.58889#BURGLARY-THEFT-MOTOR_VEHICLE_THEFT_DEL_39.mod": {"aut": [[0, [-1, 0]]], "delay": 39, "gamma": 0.01668463069544479, "pit": [[0, [0.17992046475410461, 0.820079505443573]]], "src": "41.98889#42.05#-87.82222#-87.74444#VAR", "tgt": "41.98889#42.05#-87.66667#-87.58889#BURGLARY-THEFT-MOTOR_VEHICLE_THEFT", "src_var": "VAR", "tgt_var": "BURGLARY-THEFT-MOTOR_VEHICLE_THEFT", "distance": 7.984493003359767}, "_41.98889#42.05#-87.82222#-87.74444#VAR_41.98889#42.05#-87.66667#-87.58889#BURGLARY-THEFT-MOTOR_VEHICLE_THEFT_DEL_54.mod": {"aut": [[0, [-1, 0]]], "delay": 54, "gamma": 0.01650127232445342, "pit": [[0, [0.17793239653110504, 0.8220675587654114]]], "src": "41.98889#42.05#-87.82222#-87.74444#VAR", "tgt": "41.98889#42.05#-87.66667#-87.58889#BURGLARY-THEFT-MOTOR_VEHICLE_THEFT", "src_var": "VAR", "tgt_var": "BURGLARY-THEFT-MOTOR_VEHICLE_THEFT", "distance": 7.984493003359767}, "_41.98889#42.05#-87.82222#-87.74444#VAR_41.98889#42.05#-87.66667#-87.58889#BURGLARY-THEFT-MOTOR_VEHICLE_THEFT_DEL_59.mod": {"aut": [[0, [-1, 0]]], "delay": 59, "gamma": 0.016469084283049717, "pit": [[0, [0.17693835496902466, 0.8230615854263306]]], "src": "41.98889#42.05#-87.82222#-87.74444#VAR", "tgt": "41.98889#42.05#-87.66667#-87.58889#BURGLARY-THEFT-MOTOR_VEHICLE_THEFT", "src_var": "VAR", "tgt_var": "BURGLARY-THEFT-MOTOR_VEHICLE_THEFT", "distance": 7.984493003359767},