{"_41.80556#41.86667#-87.82222#-87.74444#VAR_41.62222#41.68333#-87.66667#-87.58889#BURGLARY-THEFT-MOTOR_VEHICLE_THEFT_DEL_27.mod": {"aut": [[0, [1, 2]], [1, [3, 4]], [2, [5, 6]], [3, [7, 8]], [4, [0, 9]], [5, [10, 3]], [6, [0, 11]], [7, [12, 2]], [8, [13, 14]], [9, [15, 5]], [10, [0, 16]], [11, [17, 18]], [12, [0, 19]], [13, [3, 0]], [14, [20, 21]], [15, [0, 0]], [16, [2, 0]], [17, [14, 21]], [18, [14, 0]], [19, [0, 9]], [20, [9, 0]], [21, [21, 4]]], "delay": 27, "gamma": 0.07960625132687182, "pit": [[0, [0.03947368264198303, 0.9605263471603394]], [1, [0.13513514399528503, 0.8648648858070374]], [2, [0.06666667014360428, 0.9333333969116211]], [3, [0.05128205195069313, 0.9487179517745972]], [4, [0.0, 1.0]], [5, [0.09638553857803345, 0.9036144018173218]], [6, [0.03773584961891174, 0.9622641801834106]], [7, [0.06060606241226196, 0.9393939971923828]], [8, [0.02222222276031971, 0.9777777791023254]], [9, [0.08771929889917374, 0.9122806787490845]], [10, [0.13636364042758942, 0.8636363744735718]], [11, [0.032258063554763794, 0.9677419066429138]], [12, [0.0, 1.0]], [13, [0.1111111119389534, 0.8888888955116272]], [14, [0.03921568766236305, 0.960784375667572]], [15, [0.0, 1.0]], [16, [0.04545454680919647, 0.9545454978942871]], [17, [0.0, 1.0]], [18, [0.0, 1.0]], [19, [0.0, 1.0]], [20, [0.1428571492433548, 0.8571429252624512]], [21, [0.09615384787321091, 0.9038462042808533]]], "src": "41.80556#41.86667#-87.82222#-87.74444#VAR", "tgt": "41.62222#41.68333#-87.66667#-87.58889#BURGLARY-THEFT-MOTOR_VEHICLE_THEFT", "src_var": "VAR", "tgt_var": "BURGLARY-THEFT-MOTOR_VEHICLE_THEFT", "distance": 14.992359198788348}, "_41.62222#41.68333#-87.74444#-87.66667#VAR_41.62222#41.68333#-87.66667#-87.58889#BURGLARY-THEFT-MOTOR_VEHICLE_THEFT_DEL_29.mod": {"aut": [[0, [2, 3]], [1, [4, 5]], [2, [6, 7]], [3, [8, 3]], [4, [0, 9]], [5, [9, 10]], [6, [11, 12]], [7, [13, 14]], [8, [6, 15]], [9, [4, 7]], [10, [1, 13]], [11, [16, 17]], [12, [2, 18]], [13, [19, 15]], [14, [15, 1]], [15, [20, 10]], [16, [17, 21]], [17, [0, 22]], [18, [15, 7]], [19, [23, 24]], [20, [25, 15]], [21, [15, 15]], [22, [15, 26]], [23, [27, 15]], [24, [28, 15]], [25, [16, 15]], [26, [29, 30]], [27, [28, 15]], [28, [15, 15]], [29, [15, 15]], [30, [15, 0]]], "delay": 29, "gamma": 0.0637418512676241, "pit": [[0, [0.0, 1.0]], [1, [0.03921568766236305, 0.960784375667572]], [2, [0.03030303120613098, 0.9696969985961914]], [3, [0.0833333358168602, 0.9166666865348816]], [4, [0.0625, 0.9375]], [5, [0.05000000074505806, 0.949999988079071]], [6, [0.0714285746216774, 0.9285714626312256]], [7, [0.03030303120613098, 0.9696969985961914]], [8, [0.0, 1.0]], [9, [0.0, 1.0]], [10, [0.05263157933950424, 0.9473684430122375]], [11, [0.0714285746216774, 0.9285714626312256]], [12, [0.0714285746216774, 0.9285714626312256]], [13, [0.040816325694322586, 0.9591836333274841]], [14, [0.06666667014360428, 0.9333333969116211]], [15, [0.049180325120687485, 0.9508196711540222]], [16, [0.15217392146587372, 0.8478261232376099]], [17, [0.09677419066429138, 0.9032257795333862]], [18, [0.0, 1.0]], [19, [0.07407407462596893, 0.9259259104728699]], [20, [0.07758620381355286, 0.9224137663841248]], [21, [0.043478261679410934, 0.95652174949646]], [22, [0.1764705926179886, 0.8235294222831726]], [23, [0.13333334028720856, 0.8666667342185974]], [24, [0.0, 1.0]], [25, [0.10144928097724915, 0.8985507488250732]], [26, [0.0, 1.0]], [27, [0.0, 1.0]], [28, [0.0833333358168602, 0.9166666865348816]], [29, [0.0, 1.0]], [30, [0.0, 1.0]]], "src": "41.62222#41.68333#-87.74444#-87.66667#VAR", "tgt": "41.62222#41.68333#-87.66667#-87.58889#BURGLARY-THEFT-MOTOR_VEHICLE_THEFT", "src_var": "VAR", "tgt_var": "BURGLARY-THEFT-MOTOR_VEHICLE_THEFT", "distance": 4.015184936385981}, "_41.62222#41.68333#-87.74444#-87.66667#VAR_41.62222#41.68333#-87.66667#-87.58889#BURGLARY-THEFT-MOTOR_VEHICLE_THEFT_DEL_28.mod": {"aut": [[0, [1, 2]], [1, [3, 4]], [2, [5, 2]], [3, [6, 7]], [4, [8, 9]], [5, [10, 9]], [6, [12, 13]], [7, [14, 15]], [8, [16, 17]], [9, [18, 19]], [10, [20, 6]], [11, [6, 21]], [12, [22, 23]], [13, [24, 10]], [14, [10, 25]], [15, [19, 2]], [16, [0, 12]], [17, [11, 11]], [18, [11, 11]], [19, [4, 11]], [20, [26, 3]], [21, [11, 11]], [22, [11, 11]], [23, [11, 27]], [24, [28, 29]], [25, [11, 11]], [26, [11, 30]], [27, [11, 31]], [28, [11, 11]], [29, [11, 11]], [30, [32, 11]], [31, [33, 11]], [32, [34, 35]], [33, [11, 11]], [34, [11, 11]], [35, [11, 11]]], "delay": 28, "gamma": 0.05239059442709004, "pit": [[0, [0.25, 0.75]], [1, [0.25, 0.75]], [2, [0.0, 0.9999999403953552]], [3, [0.0, 1.0]], [4, [0.0, 1.0]], [5, [0.0, 1.0]], [6, [0.04245132580399513, 0.9575486779212952]], [7, [0.017543859779834747, 0.9824561476707458]], [8, [0.0, 1.0]], [9, [0.0, 1.0]], [10, [0.007662835065275431, 0.992337167263031]], [11, [0.06035015359520912, 0.9396498203277588]], [12, [0.09017713367938995, 0.9098228216171265]], [13, [0.05106048658490181, 0.9489395022392273]], [14, [0.0, 1.0]], [15, [0.02631578966975212, 0.9736841917037964]], [16, [0.0, 1.0]], [17, [0.0, 1.0]], [18, [0.0, 1.0]], [19, [0.0, 1.0]], [20, [0.005586592014878988, 0.9944133758544922]], [21, [0.057397324591875076, 0.9426026344299316]], [22, [0.1114313155412674, 0.888568639755249]], [23, [0.05596106871962547, 0.9440389275550842]], [24, [0.045340050011873245, 0.9546599388122559]], [25, [0.0, 1.0]], [26, [0.011627906933426857, 0.9883720874786377]], [27, [0.1391509473323822, 0.8608490824699402]], [28, [0.03557312488555908, 0.9644269347190857]], [29, [0.0625, 0.9375]], [30, [0.0, 1.0]], [31, [0.0833333358168602, 0.9166666865348816]], [32, [0.22500000894069672, 0.7750000357627869]], [33, [0.10000000149011612, 0.9000000357627869]], [34, [0.0, 1.0]], [35, [0.6666666865348816, 0.3333333432674408]]], "src": "41.62222#41.68333#-87.74444#-87.66667#VAR", "tgt": "41.62222#41.68333#-87.66667#-87.58889#BURGLARY-THEFT-MOTOR_VEHICLE_THEFT", "src_var": "VAR", "tgt_var": "BURGLARY-THEFT-MOTOR_VEHICLE_THEFT", "distance": 4.015184936385981}, "_41.62222#41.68333#-87.74444#-87.66667#VAR_41.62222#41.68333#-87.66667#-87.58889#BURGLARY-THEFT-MOTOR_VEHICLE_THEFT_DEL_25.mod": {"aut": [[0, [1, 2]], [1, [0, 2]], [2, [3, 2]], [3, [3, 4]], [4, [5, 4]], [5, [6, 7]], [6, [3, 1]], [7, [1, 7]]], "delay": 25, "gamma": 0.036728779463340966, "pit": [[0, [0.0882352963089943, 0.9117646813392639]], [1, [0.04385964944958687, 0.9561403393745422]], [2, [0.01587301678955555, 0.9841270446777344]], [3, [0.09677419066429138, 0.9032257795333862]], [4, [0.05769231170415878, 0.942307710647583]], [5, [0.042016807943582535, 0.9579832553863525]], [6, [0.09090909361839294, 0.9090909361839294]], [7, [0.032608695328235626, 0.967391312122345]]], "src": "41.62222#41.68333#-87.74444#-87.66667#VAR", "tgt": "41.62222#41.68333#-87.66667#-87.58889#BURGLARY-THEFT-MOTOR_VEHICLE_THEFT", "src_var": "VAR", "tgt_var": "BURGLARY-THEFT-MOTOR_VEHICLE_THEFT", "distance": 4.015184936385981}, "_41.62222#41.68333#-87.58889#-87.51111#VAR_41.62222#41.68333#-87.66667#-87.58889#BURGLARY-THEFT-MOTOR_VEHICLE_THEFT_DEL_36.mod": {"aut": [[0, [1, 2]], [1, [3, 4]], [2, [5, 6]], [3, [7, 8]], [4, [2, 6]], [5, [9, 2]], [6, [10, 6]], [7, [1, 0]], [8, [0, 6]], [9, [0, 2]], [10, [3, 0]]], "delay": 36, "gamma": 0.032477352611737786, "pit": [[0, [0.06666667014360428, 0.9333333969116211]], [1, [0.0, 1.0]], [2, [0.06862745434045792, 0.9313725829124451]], [3, [0.021739130839705467, 0.97826087474823]], [4, [0.0416666679084301, 0.9583333730697632]], [5, [0.0, 1.0]], [6, [0.052252255380153656, 0.9477477669715881]], [7, [0.06666667014360428, 0.9333333969116211]], [8, [0.06451612710952759, 0.9354838132858276]], [9, [0.0, 1.0]], [10, [0.1171875, 0.8828125]]], "src": "41.62222#41.68333#-87.58889#-87.51111#VAR", "tgt": "41.62222#41.68333#-87.66667#-87.58889#BURGLARY-THEFT-MOTOR_VEHICLE_THEFT", "src_var": "VAR", "tgt_var": "BURGLARY-THEFT-MOTOR_VEHICLE_THEFT", "distance": 4.015443064618669},